{
    "Keys": {
        "5c94bbff86f7747ee735c08f": {
            "Extract": [],
            "Quest": ["5d25e4b786f77408251c4bfc"],
            "Loot": [],
            "Open": []
        },
        "5efde6b4f5448336730dbd61": {
            "Extract": [],
            "Quest": ["5edac63b930f5454f51e128b"],
            "Loot": ["Jacket","LooseLoot"],
            "Open": []
        },
        "5c1d0f4986f7744bb01837fa": {
            "Extract": [],
            "Quest": [],
            "Loot": ["Medbag","LooseLoot"],
            "Open": []
        },
        "5c1d0c5f86f7744bb2683cf0": {
            "Extract": [],
            "Quest": ["5edac34d0bb72a50635c2bfa"],
            "Loot": ["Medbag","LooseLoot"],
            "Open": []
        },
        "5c1d0dc586f7744baf2e7b79": {
            "Extract": [],
            "Quest": ["5edac34d0bb72a50635c2bfa"],
            "Loot": ["WeaponBox","Medbag","LooseLoot"],
            "Open": []
        },
        "5c1d0efb86f7744baf2e7b7b": {
            "Extract": [],
            "Quest": [],
            "Loot": ["LooseVal","LooseLoot"],
            "Open": []
        },
        "5c1e495a86f7743109743dfb": {
            "Extract": [],
            "Quest": [],
            "Loot": ["LooseVal","WeaponBox","Drawer","LooseCash","LooseLoot"],
            "Open": []
        },
        "5c1d0d6d86f7744bb2683e1f": {
            "Extract": [],
            "Quest": [],
            "Loot": ["PC","LooseLoot"],
            "Open": []
        },
        "5c1f79a086f7746ed066fb8f": {
            "Extract": [],
            "Quest": [],
            "Loot": ["LooseVal","Drawer","LooseLoot"],
            "Open": []
        },
        "5c1e2a1e86f77431ea0ea84c": {
            "Extract": [],
            "Quest": [],
            "Loot": ["LooseVal","WeaponBox","Safe","PC","LooseLoot"],
            "Open": []
        },
        "5c1e2d1f86f77431e9280bee": {
            "Extract": [],
            "Quest": [],
            "Loot": ["WeaponBox","LooseLoot"],
            "Open": []
        }
    }
}