{
    "Keys": {
        "61a64428a8c6aa1b795f0ba1": {
            "Extract": [],
            "Quest": [],
            "Loot": ["Medbag","LooseLoot"],
            "Open": []
        },
        "61a6444b8c141d68246e2d2f": {
            "Extract": [],
            "Quest": [],
            "Loot": ["Jacket","Bag","LooseLoot"],
            "Open": []
        },
        "61aa5b518f5e7a39b41416e2": {
            "Extract": [],
            "Quest": [],
            "Loot": ["LooseVal","LooseCash","LooseLoot"],
            "Open": []
        },
        "61aa5aed32a4743c3453d319": {
            "Extract": [],
            "Quest": [],
            "Loot": ["LooseLoot"],
            "Open": []
        },
        "61a64492ba05ef10d62adcc1": {
            "Extract": [],
            "Quest": [],
            "Loot": ["WeaponBox","LooseLoot"],
            "Open": []
        },
        "61aa81fcb225ac1ead7957c3": {
            "Extract": [],
            "Quest": [],
            "Loot": ["Toolbox","Jacket","LooseLoot"],
            "Open": []
        },
        "61aa5b7db225ac1ead7957c1": {
            "Extract": [],
            "Quest": [],
            "Loot": ["Safe"],
            "Open": []
        },
        "61aa5ba8018e9821b7368da9": {
            "Extract": [],
            "Quest": [],
            "Loot": ["Safe"],
            "Open": []
        },
		"62987dfc402c7f69bf010923": {
			"Extract": [],
			"Quest": [],
			"Loot": ["Bag","Jacket","Medbag","LooseVal"],
            "Open": []
		},
		"62987e26a77ec735f90a2995": {
			"Extract": [],
			"Quest": [],
			"Loot": ["Crate","Toolbox","LooseLoot"],
            "Open": []
		},
		"62987c658081af308d7558c6": {
			"Extract": [],
			"Quest": ["626bd75d5bef5d7d590bd415"],
			"Loot": ["Jacket","WeaponBox","PC","LooseVal","LooseLoot"],
            "Open": []
		},
		"62987cb98081af308d7558c8": {
			"Extract": [],
			"Quest": [],
			"Loot": ["Drawer","PC","WeaponBox","LooseVal","LooseLoot"],
            "Open": []
		},
		"62987da96188c076bc0d8c51": {
			"Extract": [],
			"Quest": ["626bd75e47ea7f506e5493c5"],
			"Loot": ["Medbag","LooseCash","LooseLoot"],
            "Open": []
		},
		"62a9cb937377a65d7b070cef": {
			"Extract": [],
			"Quest": [],
			"Loot": ["WeaponBox","Toolbox","Ammo","LooseLoot"],
            "Open": []
		}
    }
}