{
    "Keys": {
        "5a0448bc86f774736f14efa8": {
            "Extract": [],
            "Quest": ["5a0449d586f77474e66227b7"],
            "Loot": [],
            "Open": []
        },
        "5a0f0f5886f7741c4e32a472": {
            "Extract": [],
            "Quest": [],
            "Loot": ["Safe"],
            "Open": []
        },
        "5a0eb6ac86f7743124037a28": {
            "Extract": [],
            "Quest": ["5edaba7c0c502106f869bc02"],
            "Loot": ["Safe","WeaponRack","PC","LooseCash","Jacket","LooseLoot"],
            "Open": []
        },
        "5a0f068686f7745b0d4ea242": {
            "Extract": [],
            "Quest": [],
            "Loot": ["Safe"],
            "Open": []
        },
        "5a0eb38b86f774153b320eb0": {
            "Extract": [],
            "Quest": [],
            "Loot": ["LooseLoot"],
            "Open": []
        },
        "5a0ea79b86f7741d4a35298e": {
            "Extract": [],
            "Quest": ["5a27bc6986f7741c7358402b"],
            "Loot": ["Jacket","LooseLoot"],
            "Open": []
        },
        "5a0f08bc86f77478f33b84c2": {
            "Extract": [],
            "Quest": [],
            "Loot": ["Safe"],
            "Open": []
        },
        "5a0eff2986f7741fd654e684": {
            "Extract": [],
            "Quest": [],
            "Loot": ["Safe"],
            "Open": []
        },
        "5a0dc45586f7742f6b0b73e3": {
            "Extract": [],
            "Quest": [],
            "Loot": ["LooseCash","LooseLoot"],
            "Open": []
        },
        "5a0dc95c86f77452440fc675": {
            "Extract": [],
            "Quest": ["5b478eca86f7744642012254"],
            "Loot": ["Bag","LooseLoot"],
            "Open": []
        },
        "5a144dfd86f77445cb5a0982": {
            "Extract": [],
            "Quest": [],
            "Loot": ["Medbag","WeaponBox","Bag","Toolbox","LooseCash","LooseLoot"],
            "Open": []
        },
        "5a0ec6d286f7742c0b518fb5": {
            "Extract": [],
            "Quest": [],
            "Loot": ["Medbag","Toolbox","LooseLoot"],
            "Open": []
        },
        "5a0ee30786f774023b6ee08f": {
            "Extract": [],
            "Quest": ["5b4794cb86f774598100d5d4"],
            "Loot": ["WeaponBox","Grenade","LooseLoot"],
            "Open": []
        },
        "5a13eebd86f7746fd639aa93": {
            "Extract": [],
            "Quest": [],
            "Loot": ["WeaponRack","LooseLoot"],
            "Open": []
        },
        "5a13ef0686f7746e5a411744": {
            "Extract": [],
            "Quest": ["5a03296886f774569778596a"],
            "Loot": ["WeaponRack","WeaponBox","LooseLoot"],
            "Open": []
        },
        "5a0ee34586f774023b6ee092": {
            "Extract": [],
            "Quest": ["5a03296886f774569778596a"],
            "Loot": ["WeaponBox","LooseCash","LooseLoot","LooseVal"],
            "Open": []
        },
        "5a0ee37f86f774023657a86f": {
            "Extract": [],
            "Quest": [],
            "Loot": ["WeaponBox","LooseCash"],
            "Open": []
        },
        "5a1452ee86f7746f33111763": {
            "Extract": [],
            "Quest": [],
            "Loot": ["Medbag","LooseCash"],
            "Open": []
        },
        "5a13ef7e86f7741290491063": {
            "Extract": [],
            "Quest": [],
            "Loot": ["WeaponBox","PC","LooseCash","LooseLoot"],
            "Open": []
        },
        "5a13f46386f7741dd7384b04": {
            "Extract": [],
            "Quest": ["5a68663e86f774501078f78a"],
            "Loot": ["LooseCash","LooseLoot"],
            "Open": []
        },
        "5a13ee1986f774794d4c14cd": {
            "Extract": [],
            "Quest": [],
            "Loot": ["WeaponRack","LooseLoot"],
            "Open": []
        },
        "5a0ea64786f7741707720468": {
            "Extract": [],
            "Quest": [],
            "Loot": ["Medbag","Bag","LooseCash","LooseLoot"],
            "Open": []
        },
        "5eff09cd30a7dc22fd1ddfed": {
            "Extract": [],
            "Quest": ["5f04886a3937dc337a6b8238"],
            "Loot": ["PC","Bag","LooseLoot"],
            "Open": []
        },
        "5a144bdb86f7741d374bbde0": {
            "Extract": [],
            "Quest": [],
            "Loot": ["WeaponBox","WeaponRack","Medbag","Bag","LooseVal","LooseLoot"],
            "Open": []
        },
        "5a0ee4b586f7743698200d22": {
            "Extract": [],
            "Quest": [],
            "Loot": ["WeaponBox","WeaponRack","Medbag","Bag","LooseVal","LooseLoot"],
            "Open": []
        },
        "5a13f24186f77410e57c5626": {
            "Extract": [],
            "Quest": [],
            "Loot": ["WeaponBox","WeaponRack","Grenade","Toolbox","LooseVal","LooseLoot"],
            "Open": []
        },
        "5a13f35286f77413ef1436b0": {
            "Extract": [],
            "Quest": [],
            "Loot": ["WeaponBox","WeaponRack","Grenade","Toolbox","LooseCash","LooseVal","LooseLoot"],
            "Open": []
        },
        "5a145d4786f7744cbb6f4a12": {
            "Extract": [],
            "Quest": ["5a27bb1e86f7741f27621b7e","5b4794cb86f774598100d5d4"],
            "Loot": ["WeaponBox","WeaponRack","PC","Medbag","LooseCash","LooseVal"],
            "Open": []
        },
        "5a145d7b86f7744cbb6f4a13": {
            "Extract": [],
            "Quest": ["5a27bb1e86f7741f27621b7e","5b4794cb86f774598100d5d4"],
            "Loot": ["WeaponBox","WeaponRack","PC","Medbag","LooseCash","LooseVal"],
            "Open": []
        },
        "5a0eec9686f77402ac5c39f2": {
            "Extract": [],
            "Quest": [],
            "Loot": ["Bag","LooseVal"],
            "Open": []
        },
        "5a0eecf686f7740350630097": {
            "Extract": [],
            "Quest": [],
            "Loot": ["WeaponBox","Medbag","LooseCash","LooseLoot"],
            "Open": []
        },
        "5a0eed4386f77405112912aa": {
            "Extract": [],
            "Quest": [],
            "Loot": ["WeaponBox","Medbag","LooseCash","LooseLoot"],
            "Open": []
        },
        "5a145ebb86f77458f1796f05": {
            "Extract": [],
            "Quest": [],
            "Loot": ["WeaponBox","Medbag","LooseLoot"],
            "Open": []
        },
        "5a0eee1486f77402aa773226": {
            "Extract": [],
            "Quest": ["5a27bc6986f7741c7358402b"],
            "Loot": ["PC", "Bag","LooseLoot"],
            "Open": []
        },
        "5d8e15b686f774445103b190": {
            "Extract": [],
            "Quest": [],
            "Loot": ["WeaponBox","LooseLoot"],
            "Open": []
        },
        "5a0f006986f7741ffd2fe484": {
            "Extract": [],
            "Quest": [],
            "Loot": [],
            "Open": ["Open"]
        },
        "5a0f045e86f7745b0f0d0e42": {
            "Extract": [],
            "Quest": [],
            "Loot": [],
            "Open": ["Open"]
        },
        "5a0ec70e86f7742c0b518fba": {
            "Extract": [],
            "Quest": [],
            "Loot": [],
            "Open": ["Open"]
        },
        "5a0eeb1a86f774688b70aa5c": {
            "Extract": [],
            "Quest": [],
            "Loot": [],
            "Open": ["Open"]
        },
        "5a0eeb8e86f77461257ed71a": {
            "Extract": [],
            "Quest": [],
            "Loot": [],
            "Open": ["Open"]
        },
        "5a0eebed86f77461230ddb3d": {
            "Extract": [],
            "Quest": [],
            "Loot": [],
            "Open": ["Open"]
        },
        "5a0ea69f86f7741cd5406619": {
            "Extract": [],
            "Quest": [],
            "Loot": [],
            "Open": ["Open"]
        },
        "5a0ee62286f774369454a7ac": {
            "Extract": [],
            "Quest": [],
            "Loot": ["LooseVal"],
            "Open": ["Open"]
        },
        "5a0ee72c86f77436955d3435": {
            "Extract": [],
            "Quest": [],
            "Loot": ["WeaponBox","Medbag"],
            "Open": ["Open"]
        },
        "5a0ee76686f7743698200d5c": {
            "Extract": [],
            "Quest": [],
            "Loot": [],
            "Open": ["Open"]
        },
        "5a0eedb386f77403506300be": {
            "Extract": [],
            "Quest": [],
            "Loot": [],
            "Open": ["Open"]
        }
    }
}