{
    "Keys": {
        "591ae8f986f77406f854be45": {
            "Extract": [],
            "Quest": [],
            "Loot": ["LooseLoot"],
            "Open": []
        },
        "591afe0186f77431bd616a11": {
            "Extract": ["ZB-014"],
            "Quest": ["59c9392986f7742f6923add2","59675d6c86f7740a842fc482"],
            "Loot": ["WeaponBox","LooseLoot"],
            "Open": []
        },
        "5d08d21286f774736e7c94c3": {
            "Extract": [],
            "Quest": ["5d25e2ee86f77443e35162ea"],
            "Loot": ["LooseVal"],
            "Open": []
        }
    }
}